{
  "SVC_C5.0": {
    "name": "SVC (C=5.0)",
    "mean_f1": 0.9219447160595766,
    "std_f1": 0.02488078891116852,
    "oof_f1": 0.9218052358412665
  },
  "SVC_C2.0": {
    "name": "SVC (C=2.0)",
    "mean_f1": 0.9217974082822604,
    "std_f1": 0.027542291008193803,
    "oof_f1": 0.9218052358412665
  },
  "SVC": {
    "name": "LinearSVC (word+char+feats)",
    "mean_f1": 0.9203503878697228,
    "std_f1": 0.02616970205524751,
    "oof_f1": 0.9204140729436432
  },
  "SVC_C0.5": {
    "name": "SVC (C=0.5)",
    "mean_f1": 0.9141596870475052,
    "std_f1": 0.0252475814256298,
    "oof_f1": 0.914252006500328
  },
  "XGB": {
    "name": "XGBoost",
    "mean_f1": 0.9128117941818547,
    "std_f1": 0.03381029822346797,
    "oof_f1": 0.9137616013027395
  },
  "LGB": {
    "name": "LightGBM",
    "mean_f1": 0.9127704458156121,
    "std_f1": 0.020985454233689964,
    "oof_f1": 0.9133777320467811
  },
  "LR_C5.0": {
    "name": "LR (C=5.0)",
    "mean_f1": 0.9055505565218377,
    "std_f1": 0.03175506582605628,
    "oof_f1": 0.9051924110342108
  },
  "LR_C2.0": {
    "name": "LR (C=2.0)",
    "mean_f1": 0.9028048844812797,
    "std_f1": 0.03500155733781606,
    "oof_f1": 0.9025933212158893
  },
  "LR": {
    "name": "Logistic Regression (word+char+feats)",
    "mean_f1": 0.9025881711447254,
    "std_f1": 0.03601104030484425,
    "oof_f1": 0.9025367313557071
  },
  "LR_C0.5": {
    "name": "LR (C=0.5)",
    "mean_f1": 0.8963261582198131,
    "std_f1": 0.03275131193254017,
    "oof_f1": 0.8964225020790639
  }
}