{
  "temperature": 0.5,
  "ensemble_weights": {
    "deberta": 0.45,
    "svc": 0.1,
    "lr": 0.45000000000000007
  },
  "best_cal_f1": 0.979933110367893,
  "ensemble_val_f1": 0.8994496574244755,
  "threshold_multipliers": [
    1.0,
    1.0,
    1.0,
    1.0,
    1.0,
    1.0
  ],
  "pseudo_label_count": 534
}