{
  "model_name": "microsoft/deberta-v3-base",
  "temperature": 0.5,
  "val_f1": 0.9150926368317673,
  "cal_f1": 0.9613110983323749,
  "holdout_f1": 0.9376047597618337,
  "max_len": 512,
  "batch_size": 2,
  "grad_accum": 8,
  "lr": 3e-05,
  "epochs": 5
}