{
  "model_name": "microsoft/deberta-v3-base",
  "n_folds": 5,
  "temperature": 0.39999999999999997,
  "oof_f1": 0.9427577127730067,
  "fold_scores": [
    0.9201704373193224,
    0.9495223640470672,
    0.9555555555555556,
    0.9455481961384731,
    0.941864680237258
  ],
  "mean_fold_f1": 0.9425322466595352,
  "std_fold_f1": 0.012066983292010726,
  "max_len": 512,
  "batch_size": 2,
  "grad_accum": 8,
  "lr": 3e-05,
  "epochs": 5,
  "total_time_min": 363.1
}